alcaldia_key,alcaldia_nombre,alcaldia_id,anio,tiempo_id,total_delitos_fgj,total_robos_patrimoniales,target_robos_patrimoniales_total,robo_a_transeunte,robo_a_negocio,robo_a_casa_habitacion,robo_de_vehiculo,robo_de_accesorios_auto,robo_del_interior_de_vehiculo
ALVARO OBREGON,Alvaro Obregon,2,2000,200000,10,3,3,1,0,0,2,0,0
AZCAPOTZALCO,Azcapotzalco,1,2000,200000,9,0,0,0,0,0,0,0,0
BENITO JUAREZ,Benito Juarez,3,2000,200000,10,2,2,0,1,0,0,1,0
COYOACAN,Coyoacan,4,2000,200000,6,1,1,0,1,0,0,0,0
CUAJIMALPA DE MORELOS,Cuajimalpa De Morelos,5,2000,200000,1,0,0,0,0,0,0,0,0
CUAUHTEMOC,Cuauhtemoc,6,2000,200000,59,3,3,0,2,0,0,1,0
GUSTAVO A MADERO,Gustavo A Madero,7,2000,200000,14,0,0,0,0,0,0,0,0
IZTACALCO,Iztacalco,8,2000,200000,7,0,0,0,0,0,0,0,0
IZTAPALAPA,Iztapalapa,9,2000,200000,29,0,0,0,0,0,0,0,0
LA MAGDALENA CONTRERAS,La Magdalena Contreras,10,2000,200000,1,0,0,0,0,0,0,0,0
MIGUEL HIDALGO,Miguel Hidalgo,11,2000,200000,9,1,1,1,0,0,0,0,0
MILPA ALTA,Milpa Alta,12,2000,200000,2,0,0,0,0,0,0,0,0
TLAHUAC,Tlahuac,13,2000,200000,2,1,1,1,0,0,0,0,0
TLALPAN,Tlalpan,14,2000,200000,6,0,0,0,0,0,0,0,0
VENUSTIANO CARRANZA,Venustiano Carranza,15,2000,200000,10,1,1,0,0,0,1,0,0
XOCHIMILCO,Xochimilco,16,2000,200000,10,0,0,0,0,0,0,0,0
ALVARO OBREGON,Alvaro Obregon,2,2001,200100,18,4,4,3,0,0,1,0,0
AZCAPOTZALCO,Azcapotzalco,1,2001,200100,12,5,5,3,1,0,1,0,0
BENITO JUAREZ,Benito Juarez,3,2001,200100,12,1,1,0,0,0,0,0,1
COYOACAN,Coyoacan,4,2001,200100,22,2,2,1,1,0,0,0,0
CUAJIMALPA DE MORELOS,Cuajimalpa De Morelos,5,2001,200100,5,1,1,0,0,0,0,0,1
CUAUHTEMOC,Cuauhtemoc,6,2001,200100,50,5,5,3,1,0,0,1,0
GUSTAVO A MADERO,Gustavo A Madero,7,2001,200100,21,4,4,2,0,1,1,0,0
IZTACALCO,Iztacalco,8,2001,200100,8,1,1,1,0,0,0,0,0
IZTAPALAPA,Iztapalapa,9,2001,200100,41,7,7,4,1,0,2,0,0
LA MAGDALENA CONTRERAS,La Magdalena Contreras,10,2001,200100,5,0,0,0,0,0,0,0,0
MIGUEL HIDALGO,Miguel Hidalgo,11,2001,200100,11,1,1,1,0,0,0,0,0
MILPA ALTA,Milpa Alta,12,2001,200100,1,0,0,0,0,0,0,0,0
TLAHUAC,Tlahuac,13,2001,200100,8,2,2,1,0,1,0,0,0
TLALPAN,Tlalpan,14,2001,200100,8,1,1,0,1,0,0,0,0
VENUSTIANO CARRANZA,Venustiano Carranza,15,2001,200100,12,2,2,2,0,0,0,0,0
XOCHIMILCO,Xochimilco,16,2001,200100,8,1,1,1,0,0,0,0,0
ALVARO OBREGON,Alvaro Obregon,2,2002,200200,25,5,5,0,4,0,1,0,0
AZCAPOTZALCO,Azcapotzalco,1,2002,200200,13,2,2,1,1,0,0,0,0
BENITO JUAREZ,Benito Juarez,3,2002,200200,16,5,5,0,3,0,0,1,1
COYOACAN,Coyoacan,4,2002,200200,25,7,7,2,2,1,1,1,0
CUAJIMALPA DE MORELOS,Cuajimalpa De Morelos,5,2002,200200,8,1,1,1,0,0,0,0,0
CUAUHTEMOC,Cuauhtemoc,6,2002,200200,71,9,9,3,3,0,1,0,2
GUSTAVO A MADERO,Gustavo A Madero,7,2002,200200,23,1,1,0,1,0,0,0,0
IZTACALCO,Iztacalco,8,2002,200200,13,2,2,1,0,0,1,0,0
IZTAPALAPA,Iztapalapa,9,2002,200200,45,3,3,1,1,1,0,0,0
LA MAGDALENA CONTRERAS,La Magdalena Contreras,10,2002,200200,3,0,0,0,0,0,0,0,0
MIGUEL HIDALGO,Miguel Hidalgo,11,2002,200200,15,2,2,2,0,0,0,0,0
MILPA ALTA,Milpa Alta,12,2002,200200,2,1,1,1,0,0,0,0,0
TLAHUAC,Tlahuac,13,2002,200200,13,2,2,0,0,0,1,1,0
TLALPAN,Tlalpan,14,2002,200200,17,1,1,0,1,0,0,0,0
VENUSTIANO CARRANZA,Venustiano Carranza,15,2002,200200,12,2,2,1,0,0,0,0,1
XOCHIMILCO,Xochimilco,16,2002,200200,8,2,2,2,0,0,0,0,0
ALVARO OBREGON,Alvaro Obregon,2,2003,200300,7,0,0,0,0,0,0,0,0
AZCAPOTZALCO,Azcapotzalco,1,2003,200300,6,0,0,0,0,0,0,0,0
BENITO JUAREZ,Benito Juarez,3,2003,200300,8,0,0,0,0,0,0,0,0
COYOACAN,Coyoacan,4,2003,200300,7,1,1,0,1,0,0,0,0
CUAJIMALPA DE MORELOS,Cuajimalpa De Morelos,5,2003,200300,6,0,0,0,0,0,0,0,0
CUAUHTEMOC,Cuauhtemoc,6,2003,200300,67,1,1,0,1,0,0,0,0
GUSTAVO A MADERO,Gustavo A Madero,7,2003,200300,18,2,2,1,1,0,0,0,0
IZTACALCO,Iztacalco,8,2003,200300,4,0,0,0,0,0,0,0,0
IZTAPALAPA,Iztapalapa,9,2003,200300,26,1,1,1,0,0,0,0,0
LA MAGDALENA CONTRERAS,La Magdalena Contreras,10,2003,200300,1,0,0,0,0,0,0,0,0
MIGUEL HIDALGO,Miguel Hidalgo,11,2003,200300,8,0,0,0,0,0,0,0,0
TLAHUAC,Tlahuac,13,2003,200300,6,0,0,0,0,0,0,0,0
TLALPAN,Tlalpan,14,2003,200300,9,0,0,0,0,0,0,0,0
VENUSTIANO CARRANZA,Venustiano Carranza,15,2003,200300,8,0,0,0,0,0,0,0,0
XOCHIMILCO,Xochimilco,16,2003,200300,7,0,0,0,0,0,0,0,0
ALVARO OBREGON,Alvaro Obregon,2,2004,200400,16,1,1,0,0,0,0,1,0
AZCAPOTZALCO,Azcapotzalco,1,2004,200400,14,1,1,0,0,1,0,0,0
BENITO JUAREZ,Benito Juarez,3,2004,200400,21,1,1,1,0,0,0,0,0
COYOACAN,Coyoacan,4,2004,200400,16,0,0,0,0,0,0,0,0
CUAJIMALPA DE MORELOS,Cuajimalpa De Morelos,5,2004,200400,7,1,1,0,1,0,0,0,0
CUAUHTEMOC,Cuauhtemoc,6,2004,200400,61,1,1,1,0,0,0,0,0
GUSTAVO A MADERO,Gustavo A Madero,7,2004,200400,25,0,0,0,0,0,0,0,0
IZTACALCO,Iztacalco,8,2004,200400,5,0,0,0,0,0,0,0,0
IZTAPALAPA,Iztapalapa,9,2004,200400,44,3,3,3,0,0,0,0,0
LA MAGDALENA CONTRERAS,La Magdalena Contreras,10,2004,200400,5,0,0,0,0,0,0,0,0
MIGUEL HIDALGO,Miguel Hidalgo,11,2004,200400,13,2,2,1,0,0,0,0,1
MILPA ALTA,Milpa Alta,12,2004,200400,1,1,1,0,0,1,0,0,0
TLAHUAC,Tlahuac,13,2004,200400,3,0,0,0,0,0,0,0,0
TLALPAN,Tlalpan,14,2004,200400,17,1,1,0,1,0,0,0,0
VENUSTIANO CARRANZA,Venustiano Carranza,15,2004,200400,8,0,0,0,0,0,0,0,0
XOCHIMILCO,Xochimilco,16,2004,200400,9,0,0,0,0,0,0,0,0
ALVARO OBREGON,Alvaro Obregon,2,2005,200500,9,0,0,0,0,0,0,0,0
AZCAPOTZALCO,Azcapotzalco,1,2005,200500,14,0,0,0,0,0,0,0,0
BENITO JUAREZ,Benito Juarez,3,2005,200500,25,1,1,0,0,0,1,0,0
COYOACAN,Coyoacan,4,2005,200500,10,0,0,0,0,0,0,0,0
CUAJIMALPA DE MORELOS,Cuajimalpa De Morelos,5,2005,200500,4,0,0,0,0,0,0,0,0
CUAUHTEMOC,Cuauhtemoc,6,2005,200500,78,1,1,0,0,0,0,0,1
GUSTAVO A MADERO,Gustavo A Madero,7,2005,200500,16,0,0,0,0,0,0,0,0
IZTACALCO,Iztacalco,8,2005,200500,11,0,0,0,0,0,0,0,0
IZTAPALAPA,Iztapalapa,9,2005,200500,39,0,0,0,0,0,0,0,0
LA MAGDALENA CONTRERAS,La Magdalena Contreras,10,2005,200500,2,0,0,0,0,0,0,0,0
MIGUEL HIDALGO,Miguel Hidalgo,11,2005,200500,9,0,0,0,0,0,0,0,0
MILPA ALTA,Milpa Alta,12,2005,200500,1,0,0,0,0,0,0,0,0
TLAHUAC,Tlahuac,13,2005,200500,2,0,0,0,0,0,0,0,0
TLALPAN,Tlalpan,14,2005,200500,11,0,0,0,0,0,0,0,0
VENUSTIANO CARRANZA,Venustiano Carranza,15,2005,200500,7,0,0,0,0,0,0,0,0
XOCHIMILCO,Xochimilco,16,2005,200500,8,0,0,0,0,0,0,0,0
ALVARO OBREGON,Alvaro Obregon,2,2006,200600,11,1,1,0,1,0,0,0,0
AZCAPOTZALCO,Azcapotzalco,1,2006,200600,8,1,1,0,0,1,0,0,0
BENITO JUAREZ,Benito Juarez,3,2006,200600,23,0,0,0,0,0,0,0,0
COYOACAN,Coyoacan,4,2006,200600,22,1,1,1,0,0,0,0,0
CUAJIMALPA DE MORELOS,Cuajimalpa De Morelos,5,2006,200600,1,0,0,0,0,0,0,0,0
CUAUHTEMOC,Cuauhtemoc,6,2006,200600,111,1,1,1,0,0,0,0,0
GUSTAVO A MADERO,Gustavo A Madero,7,2006,200600,28,1,1,0,1,0,0,0,0
IZTACALCO,Iztacalco,8,2006,200600,14,0,0,0,0,0,0,0,0
IZTAPALAPA,Iztapalapa,9,2006,200600,41,2,2,1,0,0,1,0,0
LA MAGDALENA CONTRERAS,La Magdalena Contreras,10,2006,200600,5,0,0,0,0,0,0,0,0
MIGUEL HIDALGO,Miguel Hidalgo,11,2006,200600,9,0,0,0,0,0,0,0,0
MILPA ALTA,Milpa Alta,12,2006,200600,2,0,0,0,0,0,0,0,0
TLAHUAC,Tlahuac,13,2006,200600,5,0,0,0,0,0,0,0,0
TLALPAN,Tlalpan,14,2006,200600,22,0,0,0,0,0,0,0,0
VENUSTIANO CARRANZA,Venustiano Carranza,15,2006,200600,15,1,1,0,0,1,0,0,0
XOCHIMILCO,Xochimilco,16,2006,200600,11,0,0,0,0,0,0,0,0
ALVARO OBREGON,Alvaro Obregon,2,2007,200700,18,1,1,1,0,0,0,0,0
AZCAPOTZALCO,Azcapotzalco,1,2007,200700,13,4,4,2,1,1,0,0,0
BENITO JUAREZ,Benito Juarez,3,2007,200700,31,1,1,1,0,0,0,0,0
COYOACAN,Coyoacan,4,2007,200700,15,0,0,0,0,0,0,0,0
CUAJIMALPA DE MORELOS,Cuajimalpa De Morelos,5,2007,200700,4,0,0,0,0,0,0,0,0
CUAUHTEMOC,Cuauhtemoc,6,2007,200700,136,4,4,0,0,0,3,0,1
GUSTAVO A MADERO,Gustavo A Madero,7,2007,200700,15,2,2,0,0,0,1,1,0
IZTACALCO,Iztacalco,8,2007,200700,13,1,1,1,0,0,0,0,0
IZTAPALAPA,Iztapalapa,9,2007,200700,56,2,2,1,1,0,0,0,0
LA MAGDALENA CONTRERAS,La Magdalena Contreras,10,2007,200700,6,0,0,0,0,0,0,0,0
MIGUEL HIDALGO,Miguel Hidalgo,11,2007,200700,25,1,1,0,0,0,0,0,1
MILPA ALTA,Milpa Alta,12,2007,200700,1,0,0,0,0,0,0,0,0
TLAHUAC,Tlahuac,13,2007,200700,6,2,2,0,0,1,0,0,1
TLALPAN,Tlalpan,14,2007,200700,25,0,0,0,0,0,0,0,0
VENUSTIANO CARRANZA,Venustiano Carranza,15,2007,200700,19,0,0,0,0,0,0,0,0
XOCHIMILCO,Xochimilco,16,2007,200700,7,0,0,0,0,0,0,0,0
ALVARO OBREGON,Alvaro Obregon,2,2008,200800,28,1,1,0,0,0,0,0,1
AZCAPOTZALCO,Azcapotzalco,1,2008,200800,25,1,1,1,0,0,0,0,0
BENITO JUAREZ,Benito Juarez,3,2008,200800,43,3,3,0,2,0,1,0,0
COYOACAN,Coyoacan,4,2008,200800,30,1,1,0,0,0,1,0,0
CUAJIMALPA DE MORELOS,Cuajimalpa De Morelos,5,2008,200800,4,0,0,0,0,0,0,0,0
CUAUHTEMOC,Cuauhtemoc,6,2008,200800,182,1,1,0,0,1,0,0,0
GUSTAVO A MADERO,Gustavo A Madero,7,2008,200800,49,2,2,1,0,0,0,1,0
IZTACALCO,Iztacalco,8,2008,200800,15,0,0,0,0,0,0,0,0
IZTAPALAPA,Iztapalapa,9,2008,200800,68,3,3,2,1,0,0,0,0
LA MAGDALENA CONTRERAS,La Magdalena Contreras,10,2008,200800,7,0,0,0,0,0,0,0,0
MIGUEL HIDALGO,Miguel Hidalgo,11,2008,200800,27,1,1,1,0,0,0,0,0
MILPA ALTA,Milpa Alta,12,2008,200800,1,0,0,0,0,0,0,0,0
TLAHUAC,Tlahuac,13,2008,200800,14,0,0,0,0,0,0,0,0
TLALPAN,Tlalpan,14,2008,200800,34,2,2,0,0,2,0,0,0
VENUSTIANO CARRANZA,Venustiano Carranza,15,2008,200800,25,1,1,1,0,0,0,0,0
XOCHIMILCO,Xochimilco,16,2008,200800,18,0,0,0,0,0,0,0,0
ALVARO OBREGON,Alvaro Obregon,2,2009,200900,19,0,0,0,0,0,0,0,0
AZCAPOTZALCO,Azcapotzalco,1,2009,200900,25,0,0,0,0,0,0,0,0
BENITO JUAREZ,Benito Juarez,3,2009,200900,42,1,1,0,0,0,0,0,1
COYOACAN,Coyoacan,4,2009,200900,26,0,0,0,0,0,0,0,0
CUAJIMALPA DE MORELOS,Cuajimalpa De Morelos,5,2009,200900,10,0,0,0,0,0,0,0,0
CUAUHTEMOC,Cuauhtemoc,6,2009,200900,210,0,0,0,0,0,0,0,0
GUSTAVO A MADERO,Gustavo A Madero,7,2009,200900,54,2,2,0,1,1,0,0,0
IZTACALCO,Iztacalco,8,2009,200900,14,1,1,0,0,0,1,0,0
IZTAPALAPA,Iztapalapa,9,2009,200900,87,0,0,0,0,0,0,0,0
LA MAGDALENA CONTRERAS,La Magdalena Contreras,10,2009,200900,7,0,0,0,0,0,0,0,0
MIGUEL HIDALGO,Miguel Hidalgo,11,2009,200900,27,2,2,2,0,0,0,0,0
MILPA ALTA,Milpa Alta,12,2009,200900,4,0,0,0,0,0,0,0,0
TLAHUAC,Tlahuac,13,2009,200900,12,0,0,0,0,0,0,0,0
TLALPAN,Tlalpan,14,2009,200900,23,0,0,0,0,0,0,0,0
VENUSTIANO CARRANZA,Venustiano Carranza,15,2009,200900,32,0,0,0,0,0,0,0,0
XOCHIMILCO,Xochimilco,16,2009,200900,20,0,0,0,0,0,0,0,0
ALVARO OBREGON,Alvaro Obregon,2,2010,201000,37,1,1,1,0,0,0,0,0
AZCAPOTZALCO,Azcapotzalco,1,2010,201000,55,4,4,2,0,0,0,1,1
BENITO JUAREZ,Benito Juarez,3,2010,201000,83,5,5,1,2,0,1,1,0
COYOACAN,Coyoacan,4,2010,201000,51,4,4,1,2,0,0,0,1
CUAJIMALPA DE MORELOS,Cuajimalpa De Morelos,5,2010,201000,13,1,1,0,0,1,0,0,0
CUAUHTEMOC,Cuauhtemoc,6,2010,201000,296,13,13,8,2,0,1,2,0
GUSTAVO A MADERO,Gustavo A Madero,7,2010,201000,85,5,5,1,2,1,1,0,0
IZTACALCO,Iztacalco,8,2010,201000,31,2,2,0,1,0,1,0,0
IZTAPALAPA,Iztapalapa,9,2010,201000,123,7,7,0,1,2,4,0,0
LA MAGDALENA CONTRERAS,La Magdalena Contreras,10,2010,201000,12,0,0,0,0,0,0,0,0
MIGUEL HIDALGO,Miguel Hidalgo,11,2010,201000,78,3,3,1,1,0,0,1,0
MILPA ALTA,Milpa Alta,12,2010,201000,4,0,0,0,0,0,0,0,0
TLAHUAC,Tlahuac,13,2010,201000,17,1,1,1,0,0,0,0,0
TLALPAN,Tlalpan,14,2010,201000,65,6,6,1,1,2,1,1,0
VENUSTIANO CARRANZA,Venustiano Carranza,15,2010,201000,45,5,5,0,2,0,0,0,3
XOCHIMILCO,Xochimilco,16,2010,201000,25,1,1,0,0,0,1,0,0
ALVARO OBREGON,Alvaro Obregon,2,2011,201100,73,2,2,0,1,0,1,0,0
AZCAPOTZALCO,Azcapotzalco,1,2011,201100,54,1,1,1,0,0,0,0,0
BENITO JUAREZ,Benito Juarez,3,2011,201100,107,2,2,0,0,0,1,1,0
COYOACAN,Coyoacan,4,2011,201100,58,5,5,2,0,2,0,1,0
CUAJIMALPA DE MORELOS,Cuajimalpa De Morelos,5,2011,201100,21,0,0,0,0,0,0,0,0
CUAUHTEMOC,Cuauhtemoc,6,2011,201100,401,4,4,0,0,1,1,1,1
GUSTAVO A MADERO,Gustavo A Madero,7,2011,201100,90,5,5,3,2,0,0,0,0
IZTACALCO,Iztacalco,8,2011,201100,37,3,3,2,1,0,0,0,0
IZTAPALAPA,Iztapalapa,9,2011,201100,154,10,10,5,0,2,2,0,1
LA MAGDALENA CONTRERAS,La Magdalena Contreras,10,2011,201100,15,0,0,0,0,0,0,0,0
MIGUEL HIDALGO,Miguel Hidalgo,11,2011,201100,77,3,3,2,1,0,0,0,0
MILPA ALTA,Milpa Alta,12,2011,201100,7,1,1,0,1,0,0,0,0
TLAHUAC,Tlahuac,13,2011,201100,27,1,1,1,0,0,0,0,0
TLALPAN,Tlalpan,14,2011,201100,56,5,5,1,1,2,0,0,1
VENUSTIANO CARRANZA,Venustiano Carranza,15,2011,201100,44,1,1,1,0,0,0,0,0
XOCHIMILCO,Xochimilco,16,2011,201100,28,2,2,2,0,0,0,0,0
ALVARO OBREGON,Alvaro Obregon,2,2012,201200,84,4,4,2,1,0,1,0,0
AZCAPOTZALCO,Azcapotzalco,1,2012,201200,63,1,1,0,0,0,1,0,0
BENITO JUAREZ,Benito Juarez,3,2012,201200,157,8,8,4,2,0,0,1,1
COYOACAN,Coyoacan,4,2012,201200,73,5,5,1,1,0,2,1,0
CUAJIMALPA DE MORELOS,Cuajimalpa De Morelos,5,2012,201200,32,0,0,0,0,0,0,0,0
CUAUHTEMOC,Cuauhtemoc,6,2012,201200,622,4,4,2,2,0,0,0,0
GUSTAVO A MADERO,Gustavo A Madero,7,2012,201200,122,4,4,1,1,0,1,1,0
IZTACALCO,Iztacalco,8,2012,201200,46,3,3,2,0,0,0,0,1
IZTAPALAPA,Iztapalapa,9,2012,201200,206,8,8,0,4,0,0,2,2
LA MAGDALENA CONTRERAS,La Magdalena Contreras,10,2012,201200,26,0,0,0,0,0,0,0,0
MIGUEL HIDALGO,Miguel Hidalgo,11,2012,201200,90,3,3,2,0,0,1,0,0
MILPA ALTA,Milpa Alta,12,2012,201200,14,0,0,0,0,0,0,0,0
TLAHUAC,Tlahuac,13,2012,201200,33,0,0,0,0,0,0,0,0
TLALPAN,Tlalpan,14,2012,201200,87,2,2,0,0,0,2,0,0
VENUSTIANO CARRANZA,Venustiano Carranza,15,2012,201200,79,7,7,4,2,0,1,0,0
XOCHIMILCO,Xochimilco,16,2012,201200,47,2,2,0,0,0,0,0,2
ALVARO OBREGON,Alvaro Obregon,2,2013,201300,104,5,5,1,1,0,1,0,2
AZCAPOTZALCO,Azcapotzalco,1,2013,201300,81,2,2,0,1,0,0,0,1
BENITO JUAREZ,Benito Juarez,3,2013,201300,257,11,11,1,3,2,3,2,0
COYOACAN,Coyoacan,4,2013,201300,123,4,4,1,1,0,2,0,0
CUAJIMALPA DE MORELOS,Cuajimalpa De Morelos,5,2013,201300,42,0,0,0,0,0,0,0,0
CUAUHTEMOC,Cuauhtemoc,6,2013,201300,813,8,8,3,2,1,1,1,0
GUSTAVO A MADERO,Gustavo A Madero,7,2013,201300,179,6,6,0,1,1,2,1,1
IZTACALCO,Iztacalco,8,2013,201300,58,1,1,0,1,0,0,0,0
IZTAPALAPA,Iztapalapa,9,2013,201300,262,2,2,1,1,0,0,0,0
LA MAGDALENA CONTRERAS,La Magdalena Contreras,10,2013,201300,39,1,1,0,0,0,1,0,0
MIGUEL HIDALGO,Miguel Hidalgo,11,2013,201300,167,7,7,4,0,1,2,0,0
MILPA ALTA,Milpa Alta,12,2013,201300,8,0,0,0,0,0,0,0,0
TLAHUAC,Tlahuac,13,2013,201300,38,1,1,0,0,0,0,1,0
TLALPAN,Tlalpan,14,2013,201300,104,2,2,1,1,0,0,0,0
VENUSTIANO CARRANZA,Venustiano Carranza,15,2013,201300,87,0,0,0,0,0,0,0,0
XOCHIMILCO,Xochimilco,16,2013,201300,70,2,2,1,0,1,0,0,0
ALVARO OBREGON,Alvaro Obregon,2,2014,201400,204,12,12,3,3,2,2,0,2
AZCAPOTZALCO,Azcapotzalco,1,2014,201400,161,11,11,4,0,1,3,0,3
BENITO JUAREZ,Benito Juarez,3,2014,201400,557,13,13,3,4,1,1,3,1
COYOACAN,Coyoacan,4,2014,201400,242,12,12,5,2,0,3,2,0
CUAJIMALPA DE MORELOS,Cuajimalpa De Morelos,5,2014,201400,73,3,3,0,3,0,0,0,0
CUAUHTEMOC,Cuauhtemoc,6,2014,201400,1474,25,25,11,7,1,3,1,2
GUSTAVO A MADERO,Gustavo A Madero,7,2014,201400,315,11,11,3,4,1,1,2,0
IZTACALCO,Iztacalco,8,2014,201400,116,5,5,4,1,0,0,0,0
IZTAPALAPA,Iztapalapa,9,2014,201400,447,24,24,8,4,3,6,1,2
LA MAGDALENA CONTRERAS,La Magdalena Contreras,10,2014,201400,55,3,3,0,0,2,0,1,0
MIGUEL HIDALGO,Miguel Hidalgo,11,2014,201400,333,11,11,5,1,0,2,1,2
MILPA ALTA,Milpa Alta,12,2014,201400,26,0,0,0,0,0,0,0,0
TLAHUAC,Tlahuac,13,2014,201400,90,3,3,0,1,0,1,0,1
TLALPAN,Tlalpan,14,2014,201400,216,7,7,1,0,0,3,2,1
VENUSTIANO CARRANZA,Venustiano Carranza,15,2014,201400,155,9,9,3,3,1,1,0,1
XOCHIMILCO,Xochimilco,16,2014,201400,125,6,6,0,0,1,4,0,1
ALVARO OBREGON,Alvaro Obregon,2,2015,201500,847,73,73,12,30,10,14,2,5
AZCAPOTZALCO,Azcapotzalco,1,2015,201500,680,57,57,16,16,10,6,3,6
BENITO JUAREZ,Benito Juarez,3,2015,201500,1574,92,92,15,32,12,13,14,6
COYOACAN,Coyoacan,4,2015,201500,1087,99,99,17,39,12,10,6,15
CUAJIMALPA DE MORELOS,Cuajimalpa De Morelos,5,2015,201500,295,15,15,2,6,3,1,2,1
CUAUHTEMOC,Cuauhtemoc,6,2015,201500,4156,187,187,81,68,9,9,7,13
GUSTAVO A MADERO,Gustavo A Madero,7,2015,201500,1272,135,135,28,55,17,27,6,2
IZTACALCO,Iztacalco,8,2015,201500,499,55,55,14,16,7,6,5,7
IZTAPALAPA,Iztapalapa,9,2015,201500,1733,146,146,46,43,16,27,3,11
LA MAGDALENA CONTRERAS,La Magdalena Contreras,10,2015,201500,227,22,22,6,3,5,3,1,4
MIGUEL HIDALGO,Miguel Hidalgo,11,2015,201500,1218,72,72,11,27,9,11,3,11
MILPA ALTA,Milpa Alta,12,2015,201500,102,5,5,1,1,1,1,0,1
TLAHUAC,Tlahuac,13,2015,201500,297,27,27,7,4,6,5,3,2
TLALPAN,Tlalpan,14,2015,201500,917,96,96,11,46,16,11,6,6
VENUSTIANO CARRANZA,Venustiano Carranza,15,2015,201500,679,56,56,20,11,8,10,4,3
XOCHIMILCO,Xochimilco,16,2015,201500,484,36,36,12,12,6,2,1,3
ALVARO OBREGON,Alvaro Obregon,2,2016,201600,12378,3837,3837,1299,1055,358,570,222,333
AZCAPOTZALCO,Azcapotzalco,1,2016,201600,10093,3736,3736,960,1008,366,725,287,390
BENITO JUAREZ,Benito Juarez,3,2016,201600,16550,5945,5945,1558,1754,640,896,674,423
COYOACAN,Coyoacan,4,2016,201600,13631,4604,4604,1058,1332,473,933,342,466
CUAJIMALPA DE MORELOS,Cuajimalpa De Morelos,5,2016,201600,2825,623,623,97,277,89,84,28,48
CUAUHTEMOC,Cuauhtemoc,6,2016,201600,31975,8827,8827,4127,2393,564,903,496,344
GUSTAVO A MADERO,Gustavo A Madero,7,2016,201600,19019,6672,6672,1943,1740,668,1718,351,252
IZTACALCO,Iztacalco,8,2016,201600,8089,2426,2426,919,386,276,506,181,158
IZTAPALAPA,Iztapalapa,9,2016,201600,29337,9816,9816,3466,2590,881,2146,342,391
LA MAGDALENA CONTRERAS,La Magdalena Contreras,10,2016,201600,3080,685,685,164,96,164,152,55,54
MIGUEL HIDALGO,Miguel Hidalgo,11,2016,201600,12631,3422,3422,985,945,350,618,171,353
MILPA ALTA,Milpa Alta,12,2016,201600,1134,224,224,35,42,52,72,12,11
TLAHUAC,Tlahuac,13,2016,201600,4180,1074,1074,323,211,197,229,57,57
TLALPAN,Tlalpan,14,2016,201600,11638,3516,3516,647,1039,578,737,259,256
VENUSTIANO CARRANZA,Venustiano Carranza,15,2016,201600,10880,3181,3181,1190,723,331,525,245,167
XOCHIMILCO,Xochimilco,16,2016,201600,6216,1958,1958,608,333,307,495,75,140
ALVARO OBREGON,Alvaro Obregon,2,2017,201700,14408,5127,5127,1986,1097,373,624,326,721
AZCAPOTZALCO,Azcapotzalco,1,2017,201700,11342,4904,4904,1686,1113,300,770,401,634
BENITO JUAREZ,Benito Juarez,3,2017,201700,20271,8787,8787,2704,1883,724,714,1819,943
COYOACAN,Coyoacan,4,2017,201700,15336,5428,5428,1493,1246,558,868,552,711
CUAJIMALPA DE MORELOS,Cuajimalpa De Morelos,5,2017,201700,3095,701,701,108,248,129,84,35,97
CUAUHTEMOC,Cuauhtemoc,6,2017,201700,37172,12737,12737,6854,2530,594,999,1081,679
GUSTAVO A MADERO,Gustavo A Madero,7,2017,201700,22794,8195,8195,2527,2042,702,1490,809,625
IZTACALCO,Iztacalco,8,2017,201700,9720,3678,3678,1669,514,303,492,305,395
IZTAPALAPA,Iztapalapa,9,2017,201700,33497,11687,11687,4461,2929,921,2246,428,702
LA MAGDALENA CONTRERAS,La Magdalena Contreras,10,2017,201700,3238,756,756,137,122,211,123,64,99
MIGUEL HIDALGO,Miguel Hidalgo,11,2017,201700,15753,6130,6130,2478,1397,373,649,389,844
MILPA ALTA,Milpa Alta,12,2017,201700,1446,260,260,57,33,78,76,6,10
TLAHUAC,Tlahuac,13,2017,201700,5195,1388,1388,508,285,180,290,52,73
TLALPAN,Tlalpan,14,2017,201700,12724,3766,3766,779,931,514,705,439,398
VENUSTIANO CARRANZA,Venustiano Carranza,15,2017,201700,12813,3931,3931,1499,1005,362,387,322,356
XOCHIMILCO,Xochimilco,16,2017,201700,6915,2281,2281,736,403,380,478,77,207
ALVARO OBREGON,Alvaro Obregon,2,2018,201800,16792,6753,6753,2864,1463,437,799,448,742
AZCAPOTZALCO,Azcapotzalco,1,2018,201800,12246,5544,5544,2081,1225,387,834,428,589
BENITO JUAREZ,Benito Juarez,3,2018,201800,22743,10770,10770,3116,2366,850,1330,2154,954
COYOACAN,Coyoacan,4,2018,201800,17059,6531,6531,1938,1433,639,980,687,854
CUAJIMALPA DE MORELOS,Cuajimalpa De Morelos,5,2018,201800,3544,917,917,182,298,132,96,64,145
CUAUHTEMOC,Cuauhtemoc,6,2018,201800,41285,16666,16666,8931,3181,759,1242,1548,1005
GUSTAVO A MADERO,Gustavo A Madero,7,2018,201800,25471,9984,9984,3503,2132,791,1998,890,670
IZTACALCO,Iztacalco,8,2018,201800,11068,4851,4851,2558,568,324,611,329,461
IZTAPALAPA,Iztapalapa,9,2018,201800,37671,15275,15275,6796,3354,944,2633,665,883
LA MAGDALENA CONTRERAS,La Magdalena Contreras,10,2018,201800,3642,887,887,221,164,211,140,66,85
MIGUEL HIDALGO,Miguel Hidalgo,11,2018,201800,16740,7773,7773,3476,1729,422,728,513,905
MILPA ALTA,Milpa Alta,12,2018,201800,1780,358,358,77,49,104,100,15,13
TLAHUAC,Tlahuac,13,2018,201800,5878,1708,1708,682,305,213,358,81,69
TLALPAN,Tlalpan,14,2018,201800,14521,4829,4829,1133,1033,613,920,556,574
VENUSTIANO CARRANZA,Venustiano Carranza,15,2018,201800,15132,5227,5227,2243,1138,368,625,428,425
XOCHIMILCO,Xochimilco,16,2018,201800,7625,2591,2591,933,465,400,508,104,181
ALVARO OBREGON,Alvaro Obregon,2,2019,201900,18100,6455,6455,2363,1526,547,832,466,721
AZCAPOTZALCO,Azcapotzalco,1,2019,201900,10941,4074,4074,1350,1117,323,670,359,255
BENITO JUAREZ,Benito Juarez,3,2019,201900,20199,8338,8338,2179,2124,582,935,1605,913
COYOACAN,Coyoacan,4,2019,201900,15821,5422,5422,1182,1453,504,932,650,701
CUAJIMALPA DE MORELOS,Cuajimalpa De Morelos,5,2019,201900,3779,929,929,143,391,149,80,36,130
CUAUHTEMOC,Cuauhtemoc,6,2019,201900,37547,12229,12229,4985,3346,698,970,1436,794
GUSTAVO A MADERO,Gustavo A Madero,7,2019,201900,24436,8680,8680,2958,2222,686,1686,749,379
IZTACALCO,Iztacalco,8,2019,201900,10201,3912,3912,1902,585,258,583,400,184
IZTAPALAPA,Iztapalapa,9,2019,201900,38447,13750,13750,5562,3362,932,2307,820,767
LA MAGDALENA CONTRERAS,La Magdalena Contreras,10,2019,201900,4047,978,978,216,186,223,175,89,89
MIGUEL HIDALGO,Miguel Hidalgo,11,2019,201900,16167,6642,6642,2760,1648,411,630,462,731
MILPA ALTA,Milpa Alta,12,2019,201900,1693,308,308,82,53,65,77,19,12
TLAHUAC,Tlahuac,13,2019,201900,6042,1652,1652,698,202,192,381,118,61
TLALPAN,Tlalpan,14,2019,201900,14565,4686,4686,915,1244,590,985,410,542
VENUSTIANO CARRANZA,Venustiano Carranza,15,2019,201900,14580,4924,4924,2264,1068,299,644,432,217
XOCHIMILCO,Xochimilco,16,2019,201900,7463,2201,2201,763,374,275,495,146,148
ALVARO OBREGON,Alvaro Obregon,2,2020,202000,15073,4704,4704,1605,1331,350,575,377,466
AZCAPOTZALCO,Azcapotzalco,1,2020,202000,10247,3669,3669,1310,1035,200,582,341,201
BENITO JUAREZ,Benito Juarez,3,2020,202000,15315,5926,5926,1240,1788,210,787,1424,477
COYOACAN,Coyoacan,4,2020,202000,13634,4476,4476,850,1354,324,742,578,628
CUAJIMALPA DE MORELOS,Cuajimalpa De Morelos,5,2020,202000,3416,761,761,146,331,104,78,31,71
CUAUHTEMOC,Cuauhtemoc,6,2020,202000,28615,8004,8004,2407,2195,413,914,1546,529
GUSTAVO A MADERO,Gustavo A Madero,7,2020,202000,21791,6345,6345,1661,2047,490,1210,660,277
IZTACALCO,Iztacalco,8,2020,202000,8161,2336,2336,937,323,169,425,291,191
IZTAPALAPA,Iztapalapa,9,2020,202000,31705,9815,9815,3711,2385,639,1734,613,733
LA MAGDALENA CONTRERAS,La Magdalena Contreras,10,2020,202000,4061,748,748,193,117,101,162,82,93
MIGUEL HIDALGO,Miguel Hidalgo,11,2020,202000,12749,4469,4469,1517,1238,226,526,509,453
MILPA ALTA,Milpa Alta,12,2020,202000,1782,253,253,64,20,54,80,15,20
TLAHUAC,Tlahuac,13,2020,202000,5997,1250,1250,515,199,122,301,56,57
TLALPAN,Tlalpan,14,2020,202000,12726,3663,3663,632,1097,361,798,364,411
VENUSTIANO CARRANZA,Venustiano Carranza,15,2020,202000,11909,3395,3395,1267,806,200,458,457,207
XOCHIMILCO,Xochimilco,16,2020,202000,7131,1629,1629,451,249,202,492,86,149
ALVARO OBREGON,Alvaro Obregon,2,2021,202100,15997,4092,4092,1480,1032,251,411,383,535
AZCAPOTZALCO,Azcapotzalco,1,2021,202100,11564,3568,3568,1427,944,168,394,385,250
BENITO JUAREZ,Benito Juarez,3,2021,202100,16146,5465,5465,1380,1510,161,537,1300,577
COYOACAN,Coyoacan,4,2021,202100,15602,4596,4596,1156,1190,290,429,676,855
CUAJIMALPA DE MORELOS,Cuajimalpa De Morelos,5,2021,202100,3919,758,758,157,282,58,69,63,129
CUAUHTEMOC,Cuauhtemoc,6,2021,202100,33188,8231,8231,2497,1793,360,1080,1850,651
GUSTAVO A MADERO,Gustavo A Madero,7,2021,202100,23694,6115,6115,1985,1624,392,961,730,423
IZTACALCO,Iztacalco,8,2021,202100,9566,2344,2344,1021,324,143,303,341,212
IZTAPALAPA,Iztapalapa,9,2021,202100,33339,8804,8804,3747,1836,646,1179,678,718
LA MAGDALENA CONTRERAS,La Magdalena Contreras,10,2021,202100,4479,733,733,203,95,125,112,97,101
MIGUEL HIDALGO,Miguel Hidalgo,11,2021,202100,13630,4317,4317,1598,945,172,510,582,510
MILPA ALTA,Milpa Alta,12,2021,202100,2403,293,293,69,35,72,82,19,16
TLAHUAC,Tlahuac,13,2021,202100,7153,1281,1281,463,187,158,302,81,90
TLALPAN,Tlalpan,14,2021,202100,13908,3552,3552,888,849,335,503,378,599
VENUSTIANO CARRANZA,Venustiano Carranza,15,2021,202100,12907,3549,3549,1533,768,182,370,501,195
XOCHIMILCO,Xochimilco,16,2021,202100,7623,1480,1480,500,161,174,302,137,206
ALVARO OBREGON,Alvaro Obregon,2,2022,202200,15608,3524,3524,1299,893,188,260,317,567
AZCAPOTZALCO,Azcapotzalco,1,2022,202200,11595,3073,3073,1082,801,182,313,387,308
BENITO JUAREZ,Benito Juarez,3,2022,202200,16887,5174,5174,1184,1326,159,481,1306,718
COYOACAN,Coyoacan,4,2022,202200,16945,4585,4585,1191,1144,248,401,771,830
CUAJIMALPA DE MORELOS,Cuajimalpa De Morelos,5,2022,202200,3968,677,677,120,237,67,73,49,131
CUAUHTEMOC,Cuauhtemoc,6,2022,202200,35575,8927,8927,2991,1830,255,798,2298,755
GUSTAVO A MADERO,Gustavo A Madero,7,2022,202200,24078,5572,5572,1674,1502,336,807,824,429
IZTACALCO,Iztacalco,8,2022,202200,11170,2173,2173,954,295,140,247,334,203
IZTAPALAPA,Iztapalapa,9,2022,202200,33576,7601,7601,3195,1541,590,909,706,660
LA MAGDALENA CONTRERAS,La Magdalena Contreras,10,2022,202200,4673,684,684,200,95,114,76,84,115
MIGUEL HIDALGO,Miguel Hidalgo,11,2022,202200,13878,3843,3843,1316,852,140,303,633,599
MILPA ALTA,Milpa Alta,12,2022,202200,2688,223,223,74,26,58,41,15,9
TLAHUAC,Tlahuac,13,2022,202200,7723,1212,1212,459,142,144,270,95,102
TLALPAN,Tlalpan,14,2022,202200,14531,3522,3522,895,799,289,417,370,752
VENUSTIANO CARRANZA,Venustiano Carranza,15,2022,202200,13229,3402,3402,1480,614,160,311,608,229
XOCHIMILCO,Xochimilco,16,2022,202200,8004,1484,1484,529,159,201,260,124,211
ALVARO OBREGON,Alvaro Obregon,2,2023,202300,15626,3567,3567,1156,1032,201,232,380,566
AZCAPOTZALCO,Azcapotzalco,1,2023,202300,10129,2800,2800,658,939,148,279,463,313
BENITO JUAREZ,Benito Juarez,3,2023,202300,16849,5646,5646,993,1386,159,466,1796,846
COYOACAN,Coyoacan,4,2023,202300,16330,4563,4563,992,1264,270,427,863,747
CUAJIMALPA DE MORELOS,Cuajimalpa De Morelos,5,2023,202300,4296,688,688,102,275,63,25,99,124
CUAUHTEMOC,Cuauhtemoc,6,2023,202300,32800,9625,9625,2898,1926,337,673,2968,823
GUSTAVO A MADERO,Gustavo A Madero,7,2023,202300,23353,5374,5374,1347,1626,368,694,925,414
IZTACALCO,Iztacalco,8,2023,202300,10454,2002,2002,724,240,129,227,449,233
IZTAPALAPA,Iztapalapa,9,2023,202300,32770,6698,6698,2520,1433,533,816,817,579
LA MAGDALENA CONTRERAS,La Magdalena Contreras,10,2023,202300,4856,785,785,244,132,96,77,110,126
MIGUEL HIDALGO,Miguel Hidalgo,11,2023,202300,13748,3964,3964,1078,981,156,329,779,641
MILPA ALTA,Milpa Alta,12,2023,202300,2402,227,227,48,22,82,46,13,16
TLAHUAC,Tlahuac,13,2023,202300,7740,1169,1169,387,204,161,245,97,75
TLALPAN,Tlalpan,14,2023,202300,14617,3549,3549,730,937,317,347,452,766
VENUSTIANO CARRANZA,Venustiano Carranza,15,2023,202300,13147,3229,3229,1251,517,196,301,738,226
XOCHIMILCO,Xochimilco,16,2023,202300,7934,1264,1264,371,182,203,192,102,214
ALVARO OBREGON,Alvaro Obregon,2,2024,202400,13642,3045,3045,1180,759,160,146,362,438
AZCAPOTZALCO,Azcapotzalco,1,2024,202400,8999,2441,2441,566,821,121,218,445,270
BENITO JUAREZ,Benito Juarez,3,2024,202400,15740,5205,5205,959,1231,171,406,1605,833
COYOACAN,Coyoacan,4,2024,202400,14936,4241,4241,953,1097,279,387,940,585
CUAJIMALPA DE MORELOS,Cuajimalpa De Morelos,5,2024,202400,3681,758,758,114,295,73,25,150,101
CUAUHTEMOC,Cuauhtemoc,6,2024,202400,29703,9016,9016,2977,1729,333,672,2574,731
GUSTAVO A MADERO,Gustavo A Madero,7,2024,202400,20743,4563,4563,1109,1225,321,586,946,376
IZTACALCO,Iztacalco,8,2024,202400,9865,1963,1963,718,255,96,238,391,265
IZTAPALAPA,Iztapalapa,9,2024,202400,28698,5612,5612,2432,1084,429,680,535,452
LA MAGDALENA CONTRERAS,La Magdalena Contreras,10,2024,202400,4444,714,714,203,101,116,73,85,136
MIGUEL HIDALGO,Miguel Hidalgo,11,2024,202400,12386,3487,3487,990,842,152,331,597,575
MILPA ALTA,Milpa Alta,12,2024,202400,2353,198,198,66,12,53,44,15,8
TLAHUAC,Tlahuac,13,2024,202400,6765,1020,1020,425,167,139,148,73,68
TLALPAN,Tlalpan,14,2024,202400,14067,3309,3309,718,798,344,407,396,646
VENUSTIANO CARRANZA,Venustiano Carranza,15,2024,202400,12084,2669,2669,1019,427,145,227,665,186
XOCHIMILCO,Xochimilco,16,2024,202400,7048,1160,1160,285,168,215,150,119,223
ALVARO OBREGON,Alvaro Obregon,2,2025,202500,785,229,229,81,62,7,11,45,23
AZCAPOTZALCO,Azcapotzalco,1,2025,202500,545,187,187,43,62,4,18,40,20
BENITO JUAREZ,Benito Juarez,3,2025,202500,831,327,327,54,69,14,19,109,62
COYOACAN,Coyoacan,4,2025,202500,854,321,321,72,80,10,21,101,37
CUAJIMALPA DE MORELOS,Cuajimalpa De Morelos,5,2025,202500,216,43,43,8,14,6,1,7,7
CUAUHTEMOC,Cuauhtemoc,6,2025,202500,1790,610,610,193,110,25,52,163,67
GUSTAVO A MADERO,Gustavo A Madero,7,2025,202500,1190,265,265,83,57,14,30,59,22
IZTACALCO,Iztacalco,8,2025,202500,637,129,129,42,23,11,11,27,15
IZTAPALAPA,Iztapalapa,9,2025,202500,1718,400,400,184,67,26,32,61,30
LA MAGDALENA CONTRERAS,La Magdalena Contreras,10,2025,202500,229,40,40,10,6,5,10,2,7
MIGUEL HIDALGO,Miguel Hidalgo,11,2025,202500,684,235,235,62,58,12,18,35,50
MILPA ALTA,Milpa Alta,12,2025,202500,107,14,14,5,0,4,3,2,0
TLAHUAC,Tlahuac,13,2025,202500,410,70,70,32,10,8,12,7,1
TLALPAN,Tlalpan,14,2025,202500,790,198,198,47,44,22,17,22,46
VENUSTIANO CARRANZA,Venustiano Carranza,15,2025,202500,733,155,155,49,32,6,11,45,12
XOCHIMILCO,Xochimilco,16,2025,202500,384,89,89,29,11,18,5,9,17
